"PSComputerName","ResourceName","InstanceName","InDesiredState","ConfigurationName","StartDate"
"NADE05BIV02","RegistryAccessEntry","[V-26070][high][Winlogon Registry Permissions]::[WindowsServer]BaseLine::[PowerSTIG_MemberServer]PowerSTIG_MemberServer","True","MainConfig","6/7/2019 5:10:20 PM"
"NADE05BIV02","RegistryAccessEntry","[V-32282][high][WINRG-000001 Active Setup\Installed Components Registry Permissions]::[WindowsServer]BaseLine::[PowerSTIG_MemberServer]PowerSTIG_MemberServer","True","MainConfig","6/7/2019 5:10:20 PM"
"NADE05BIV02","NTFSAccessEntry","[V-36722][medium][WINAU-000204]::[WindowsServer]BaseLine::[PowerSTIG_MemberServer]PowerSTIG_MemberServer","True","MainConfig","6/7/2019 5:10:20 PM"
"NADE05BIV02","NTFSAccessEntry","[V-36723][medium][WINAU-000205]::[WindowsServer]BaseLine::[PowerSTIG_MemberServer]PowerSTIG_MemberServer","True","MainConfig","6/7/2019 5:10:20 PM"
"NADE05BIV02","NTFSAccessEntry","[V-36724][medium][WINAU-000206]::[WindowsServer]BaseLine::[PowerSTIG_MemberServer]PowerSTIG_MemberServer","True","MainConfig","6/7/2019 5:10:21 PM"
"NADE05BIV02","NTFSAccessEntry","[V-40177.a][medium][WNGE-000007]::[WindowsServer]BaseLine::[PowerSTIG_MemberServer]PowerSTIG_MemberServer","True","MainConfig","6/7/2019 5:10:21 PM"
"NADE05BIV02","NTFSAccessEntry","[V-40177.b][medium][WNGE-000007]::[WindowsServer]BaseLine::[PowerSTIG_MemberServer]PowerSTIG_MemberServer","True","MainConfig","6/7/2019 5:10:21 PM"
"NADE05BIV02","NTFSAccessEntry","[V-40179][medium][WNGE-000008]::[WindowsServer]BaseLine::[PowerSTIG_MemberServer]PowerSTIG_MemberServer","True","MainConfig","6/7/2019 5:10:21 PM"
"NADE05BIV02","NTFSAccessEntry","[V-57721][medium][WINAU-000213]::[WindowsServer]BaseLine::[PowerSTIG_MemberServer]PowerSTIG_MemberServer","True","MainConfig","6/7/2019 5:10:21 PM"
"NADE05BIV02","AuditPolicySubcategory","[V-26529][medium][Audit - Credential Validation - Success]::[WindowsServer]BaseLine::[PowerSTIG_MemberServer]PowerSTIG_MemberServer","True","MainConfig","6/7/2019 5:10:21 PM"
"NADE05BIV02","AuditPolicySubcategory","[V-26530][medium][Audit - Credential Validation  - Failure]::[WindowsServer]BaseLine::[PowerSTIG_MemberServer]PowerSTIG_MemberServer","True","MainConfig","6/7/2019 5:10:21 PM"
"NADE05BIV02","AuditPolicySubcategory","[V-26533][medium][Audit - Other Account Management Events - Success]::[WindowsServer]BaseLine::[PowerSTIG_MemberServer]PowerSTIG_MemberServer","True","MainConfig","6/7/2019 5:10:21 PM"
"NADE05BIV02","AuditPolicySubcategory","[V-26535][medium][Audit - Security Group Management - Success]::[WindowsServer]BaseLine::[PowerSTIG_MemberServer]PowerSTIG_MemberServer","True","MainConfig","6/7/2019 5:10:21 PM"
"NADE05BIV02","AuditPolicySubcategory","[V-26537][medium][Audit - User Account Management - Success]::[WindowsServer]BaseLine::[PowerSTIG_MemberServer]PowerSTIG_MemberServer","True","MainConfig","6/7/2019 5:10:21 PM"
"NADE05BIV02","AuditPolicySubcategory","[V-26538][medium][Audit - User Account Management - Failure]::[WindowsServer]BaseLine::[PowerSTIG_MemberServer]PowerSTIG_MemberServer","True","MainConfig","6/7/2019 5:10:21 PM"
"NADE05BIV02","AuditPolicySubcategory","[V-26539][medium][Audit - Process Creation - Success]::[WindowsServer]BaseLine::[PowerSTIG_MemberServer]PowerSTIG_MemberServer","True","MainConfig","6/7/2019 5:10:21 PM"
"NADE05BIV02","AuditPolicySubcategory","[V-26540][medium][Audit - Logoff - Success]::[WindowsServer]BaseLine::[PowerSTIG_MemberServer]PowerSTIG_MemberServer","True","MainConfig","6/7/2019 5:10:21 PM"
"NADE05BIV02","AuditPolicySubcategory","[V-26541][medium][Audit - Logon - Success]::[WindowsServer]BaseLine::[PowerSTIG_MemberServer]PowerSTIG_MemberServer","True","MainConfig","6/7/2019 5:10:21 PM"
"NADE05BIV02","AuditPolicySubcategory","[V-26542][medium][Audit - Logon - Failure]::[WindowsServer]BaseLine::[PowerSTIG_MemberServer]PowerSTIG_MemberServer","True","MainConfig","6/7/2019 5:10:21 PM"
"NADE05BIV02","AuditPolicySubcategory","[V-26543][medium][Audit - Special Logon - Success]::[WindowsServer]BaseLine::[PowerSTIG_MemberServer]PowerSTIG_MemberServer","True","MainConfig","6/7/2019 5:10:21 PM"
"NADE05BIV02","AuditPolicySubcategory","[V-26546][medium][Audit - Audit Policy Change - Success]::[WindowsServer]BaseLine::[PowerSTIG_MemberServer]PowerSTIG_MemberServer","True","MainConfig","6/7/2019 5:10:21 PM"
"NADE05BIV02","AuditPolicySubcategory","[V-26547][medium][Audit - Audit Policy Change - Failure]::[WindowsServer]BaseLine::[PowerSTIG_MemberServer]PowerSTIG_MemberServer","True","MainConfig","6/7/2019 5:10:21 PM"
"NADE05BIV02","AuditPolicySubcategory","[V-26548][medium][Audit - Authentication Policy Change - Success]::[WindowsServer]BaseLine::[PowerSTIG_MemberServer]PowerSTIG_MemberServer","True","MainConfig","6/7/2019 5:10:21 PM"
"NADE05BIV02","AuditPolicySubcategory","[V-26549][medium][Audit - Sensitive Privilege Use - Success]::[WindowsServer]BaseLine::[PowerSTIG_MemberServer]PowerSTIG_MemberServer","True","MainConfig","6/7/2019 5:10:21 PM"
"NADE05BIV02","AuditPolicySubcategory","[V-26550][medium][Audit - Sensitive Privilege Use - Failure]::[WindowsServer]BaseLine::[PowerSTIG_MemberServer]PowerSTIG_MemberServer","True","MainConfig","6/7/2019 5:10:21 PM"
"NADE05BIV02","AuditPolicySubcategory","[V-26551][medium][Audit - IPSec Driver - Success]::[WindowsServer]BaseLine::[PowerSTIG_MemberServer]PowerSTIG_MemberServer","True","MainConfig","6/7/2019 5:10:21 PM"
"NADE05BIV02","AuditPolicySubcategory","[V-26552][medium][Audit - IPSec Driver - Failure]::[WindowsServer]BaseLine::[PowerSTIG_MemberServer]PowerSTIG_MemberServer","True","MainConfig","6/7/2019 5:10:22 PM"
"NADE05BIV02","AuditPolicySubcategory","[V-26553][medium][Audit - Security State Change - Success]::[WindowsServer]BaseLine::[PowerSTIG_MemberServer]PowerSTIG_MemberServer","True","MainConfig","6/7/2019 5:10:22 PM"
"NADE05BIV02","AuditPolicySubcategory","[V-26555][medium][Audit - Security System Extension - Success]::[WindowsServer]BaseLine::[PowerSTIG_MemberServer]PowerSTIG_MemberServer","True","MainConfig","6/7/2019 5:10:22 PM"
"NADE05BIV02","AuditPolicySubcategory","[V-26557][medium][Audit - System Integrity - Success]::[WindowsServer]BaseLine::[PowerSTIG_MemberServer]PowerSTIG_MemberServer","True","MainConfig","6/7/2019 5:10:22 PM"
"NADE05BIV02","AuditPolicySubcategory","[V-26558][medium][Audit - System Integrity - Failure]::[WindowsServer]BaseLine::[PowerSTIG_MemberServer]PowerSTIG_MemberServer","True","MainConfig","6/7/2019 5:10:22 PM"
"NADE05BIV02","AuditPolicySubcategory","[V-36667][medium][WINAU-000016]::[WindowsServer]BaseLine::[PowerSTIG_MemberServer]PowerSTIG_MemberServer","True","MainConfig","6/7/2019 5:10:22 PM"
"NADE05BIV02","AuditPolicySubcategory","[V-36668][medium][WINAU-000017]::[WindowsServer]BaseLine::[PowerSTIG_MemberServer]PowerSTIG_MemberServer","True","MainConfig","6/7/2019 5:10:22 PM"
"NADE05BIV02","AuditPolicySubcategory","[V-40200][medium][WNAU-000060]::[WindowsServer]BaseLine::[PowerSTIG_MemberServer]PowerSTIG_MemberServer","True","MainConfig","6/7/2019 5:10:22 PM"
"NADE05BIV02","AuditPolicySubcategory","[V-40202][medium][WNAU-000059]::[WindowsServer]BaseLine::[PowerSTIG_MemberServer]PowerSTIG_MemberServer","True","MainConfig","6/7/2019 5:10:22 PM"
"NADE05BIV02","AuditPolicySubcategory","[V-57633][medium][WINAU-000089]::[WindowsServer]BaseLine::[PowerSTIG_MemberServer]PowerSTIG_MemberServer","True","MainConfig","6/7/2019 5:10:22 PM"
"NADE05BIV02","AuditPolicySubcategory","[V-78057][medium][WINAU-000501]::[WindowsServer]BaseLine::[PowerSTIG_MemberServer]PowerSTIG_MemberServer","True","MainConfig","6/7/2019 5:10:22 PM"
"NADE05BIV02","AuditPolicySubcategory","[V-78059][medium][WINAU-000502]::[WindowsServer]BaseLine::[PowerSTIG_MemberServer]PowerSTIG_MemberServer","True","MainConfig","6/7/2019 5:10:22 PM"
"NADE05BIV02","AuditPolicySubcategory","[V-78061][medium][WINAU-000907]::[WindowsServer]BaseLine::[PowerSTIG_MemberServer]PowerSTIG_MemberServer","True","MainConfig","6/7/2019 5:10:22 PM"
"NADE05BIV02","AuditPolicySubcategory","[V-78063][medium][WINAU-000908]::[WindowsServer]BaseLine::[PowerSTIG_MemberServer]PowerSTIG_MemberServer","True","MainConfig","6/7/2019 5:10:22 PM"
"NADE05BIV02","cAdministrativeTemplateSetting","[V-3481][medium][Media Player - Prevent Codec Download]::[WindowsServer]BaseLine::[PowerSTIG_MemberServer]PowerSTIG_MemberServer","True","MainConfig","6/7/2019 5:10:22 PM"
"NADE05BIV02","cAdministrativeTemplateSetting","[V-14268][medium][Attachment Mgr - Preserve Zone Info]::[WindowsServer]BaseLine::[PowerSTIG_MemberServer]PowerSTIG_MemberServer","True","MainConfig","6/7/2019 5:10:22 PM"
"NADE05BIV02","cAdministrativeTemplateSetting","[V-14269][medium][Attachment Mgr - Hide Mech to Remove Zone Info]::[WindowsServer]BaseLine::[PowerSTIG_MemberServer]PowerSTIG_MemberServer","True","MainConfig","6/7/2019 5:10:22 PM"
"NADE05BIV02","cAdministrativeTemplateSetting","[V-14270][medium][Attachment Mgr - Scan with Antivirus]::[WindowsServer]BaseLine::[PowerSTIG_MemberServer]PowerSTIG_MemberServer","True","MainConfig","6/7/2019 5:10:22 PM"
"NADE05BIV02","cAdministrativeTemplateSetting","[V-15727][medium][User Network Sharing]::[WindowsServer]BaseLine::[PowerSTIG_MemberServer]PowerSTIG_MemberServer","True","MainConfig","6/7/2019 5:10:22 PM"
"NADE05BIV02","cAdministrativeTemplateSetting","[V-16021][medium][Help Experience Improvement Program ]::[WindowsServer]BaseLine::[PowerSTIG_MemberServer]PowerSTIG_MemberServer","True","MainConfig","6/7/2019 5:10:22 PM"
"NADE05BIV02","cAdministrativeTemplateSetting","[V-16048][medium][Help Ratings]::[WindowsServer]BaseLine::[PowerSTIG_MemberServer]PowerSTIG_MemberServer","True","MainConfig","6/7/2019 5:10:22 PM"
"NADE05BIV02","cAdministrativeTemplateSetting","[V-36656][medium][WINUC-000001]::[WindowsServer]BaseLine::[PowerSTIG_MemberServer]PowerSTIG_MemberServer","True","MainConfig","6/7/2019 5:10:22 PM"
"NADE05BIV02","cAdministrativeTemplateSetting","[V-36657][medium][WINUC-000003]::[WindowsServer]BaseLine::[PowerSTIG_MemberServer]PowerSTIG_MemberServer","True","MainConfig","6/7/2019 5:10:22 PM"
"NADE05BIV02","cAdministrativeTemplateSetting","[V-36776][low][WINUC-000005]::[WindowsServer]BaseLine::[PowerSTIG_MemberServer]PowerSTIG_MemberServer","True","MainConfig","6/7/2019 5:10:22 PM"
"NADE05BIV02","cAdministrativeTemplateSetting","[V-36777][low][WINUC-000006]::[WindowsServer]BaseLine::[PowerSTIG_MemberServer]PowerSTIG_MemberServer","True","MainConfig","6/7/2019 5:10:22 PM"
"NADE05BIV02","Registry","[V-1075][low][Display Shutdown Button]::[WindowsServer]BaseLine::[PowerSTIG_MemberServer]PowerSTIG_MemberServer","True","MainConfig","6/7/2019 5:10:22 PM"
"NADE05BIV02","Registry","[V-1090][low][Caching of logon credentials]::[WindowsServer]BaseLine::[PowerSTIG_MemberServer]PowerSTIG_MemberServer","True","MainConfig","6/7/2019 5:10:23 PM"
"NADE05BIV02","Registry","[V-1093][high][Anonymous shares are not restricted]::[WindowsServer]BaseLine::[PowerSTIG_MemberServer]PowerSTIG_MemberServer","True","MainConfig","6/7/2019 5:10:23 PM"
"NADE05BIV02","Registry","[V-1136][low][Forcibly Disconnect when Logon Hours Expire]::[WindowsServer]BaseLine::[PowerSTIG_MemberServer]PowerSTIG_MemberServer","True","MainConfig","6/7/2019 5:10:23 PM"
"NADE05BIV02","Registry","[V-1141][medium][Unencrypted Password is Sent to SMB Server.]::[WindowsServer]BaseLine::[PowerSTIG_MemberServer]PowerSTIG_MemberServer","True","MainConfig","6/7/2019 5:10:23 PM"
"NADE05BIV02","Registry","[V-1145][medium][Disable Automatic Logon]::[WindowsServer]BaseLine::[PowerSTIG_MemberServer]PowerSTIG_MemberServer","True","MainConfig","6/7/2019 5:10:23 PM"
"NADE05BIV02","Registry","[V-1151][low][Secure Print Driver Installation]::[WindowsServer]BaseLine::[PowerSTIG_MemberServer]PowerSTIG_MemberServer","True","MainConfig","6/7/2019 5:10:23 PM"
"NADE05BIV02","Registry","[V-1153][high][LanMan Authentication Level]::[WindowsServer]BaseLine::[PowerSTIG_MemberServer]PowerSTIG_MemberServer","True","MainConfig","6/7/2019 5:10:23 PM"
"NADE05BIV02","Registry","[V-1154][medium][Ctrl+Alt+Del Security Attention Sequence]::[WindowsServer]BaseLine::[PowerSTIG_MemberServer]PowerSTIG_MemberServer","True","MainConfig","6/7/2019 5:10:23 PM"
"NADE05BIV02","Registry","[V-1157][medium][Smart Card Removal Option ]::[WindowsServer]BaseLine::[PowerSTIG_MemberServer]PowerSTIG_MemberServer","True","MainConfig","6/7/2019 5:10:23 PM"
"NADE05BIV02","Registry","[V-1162][medium][SMB Server Packet Signing (if client agrees)]::[WindowsServer]BaseLine::[PowerSTIG_MemberServer]PowerSTIG_MemberServer","True","MainConfig","6/7/2019 5:10:23 PM"
"NADE05BIV02","Registry","[V-1163][medium][Encryption of Secure Channel Traffic]::[WindowsServer]BaseLine::[PowerSTIG_MemberServer]PowerSTIG_MemberServer","True","MainConfig","6/7/2019 5:10:23 PM"
"NADE05BIV02","Registry","[V-1164][medium][Signing of Secure Channel Traffic]::[WindowsServer]BaseLine::[PowerSTIG_MemberServer]PowerSTIG_MemberServer","True","MainConfig","6/7/2019 5:10:23 PM"
"NADE05BIV02","Registry","[V-1165][low][Computer Account Password Reset]::[WindowsServer]BaseLine::[PowerSTIG_MemberServer]PowerSTIG_MemberServer","True","MainConfig","6/7/2019 5:10:23 PM"
"NADE05BIV02","Registry","[V-1166][medium][SMB Client Packet Signing (if server agrees)]::[WindowsServer]BaseLine::[PowerSTIG_MemberServer]PowerSTIG_MemberServer","True","MainConfig","6/7/2019 5:10:23 PM"
"NADE05BIV02","Registry","[V-1171][medium][Format and Eject Removable Media]::[WindowsServer]BaseLine::[PowerSTIG_MemberServer]PowerSTIG_MemberServer","True","MainConfig","6/7/2019 5:10:23 PM"
"NADE05BIV02","Registry","[V-1172][low][Password Expiration Warning]::[WindowsServer]BaseLine::[PowerSTIG_MemberServer]PowerSTIG_MemberServer","True","MainConfig","6/7/2019 5:10:23 PM"
"NADE05BIV02","Registry","[V-1173][low][Global System Objects Permission Strength]::[WindowsServer]BaseLine::[PowerSTIG_MemberServer]PowerSTIG_MemberServer","True","MainConfig","6/7/2019 5:10:23 PM"
"NADE05BIV02","Registry","[V-1174][low][Idle Time Before Suspending a Session.]::[WindowsServer]BaseLine::[PowerSTIG_MemberServer]PowerSTIG_MemberServer","True","MainConfig","6/7/2019 5:10:23 PM"
"NADE05BIV02","Registry","[V-2374][high][Disable Media Autoplay]::[WindowsServer]BaseLine::[PowerSTIG_MemberServer]PowerSTIG_MemberServer","True","MainConfig","6/7/2019 5:10:23 PM"
"NADE05BIV02","Registry","[V-3338][high][Anonymous Access to Named Pipes]::[WindowsServer]BaseLine::[PowerSTIG_MemberServer]PowerSTIG_MemberServer","True","MainConfig","6/7/2019 5:10:23 PM"
"NADE05BIV02","Registry","[V-3339][high][Remotely Accessible Registry Paths]::[WindowsServer]BaseLine::[PowerSTIG_MemberServer]PowerSTIG_MemberServer","True","MainConfig","6/7/2019 5:10:23 PM"
"NADE05BIV02","Registry","[V-3340][high][Anonymous Access to Network Shares]::[WindowsServer]BaseLine::[PowerSTIG_MemberServer]PowerSTIG_MemberServer","True","MainConfig","6/7/2019 5:10:23 PM"
"NADE05BIV02","Registry","[V-3343][high][Remote Assistance - Solicit Remote Assistance]::[WindowsServer]BaseLine::[PowerSTIG_MemberServer]PowerSTIG_MemberServer","True","MainConfig","6/7/2019 5:10:23 PM"
"NADE05BIV02","Registry","[V-3344][high][Limit Blank Passwords]::[WindowsServer]BaseLine::[PowerSTIG_MemberServer]PowerSTIG_MemberServer","True","MainConfig","6/7/2019 5:10:23 PM"
"NADE05BIV02","Registry","[V-3373][low][Maximum Machine Account Password Age]::[WindowsServer]BaseLine::[PowerSTIG_MemberServer]PowerSTIG_MemberServer","True","MainConfig","6/7/2019 5:10:23 PM"
"NADE05BIV02","Registry","[V-3374][medium][Strong Session Key]::[WindowsServer]BaseLine::[PowerSTIG_MemberServer]PowerSTIG_MemberServer","True","MainConfig","6/7/2019 5:10:23 PM"
"NADE05BIV02","Registry","[V-3376][medium][Storage of Passwords and Credentials]::[WindowsServer]BaseLine::[PowerSTIG_MemberServer]PowerSTIG_MemberServer","True","MainConfig","6/7/2019 5:10:23 PM"
"NADE05BIV02","Registry","[V-3377][medium][Everyone Anonymous rights]::[WindowsServer]BaseLine::[PowerSTIG_MemberServer]PowerSTIG_MemberServer","True","MainConfig","6/7/2019 5:10:23 PM"
"NADE05BIV02","Registry","[V-3378][medium][Sharing and Security Model for Local Accounts]::[WindowsServer]BaseLine::[PowerSTIG_MemberServer]PowerSTIG_MemberServer","True","MainConfig","6/7/2019 5:10:23 PM"
"NADE05BIV02","Registry","[V-3379][high][LAN Manager Hash stored]::[WindowsServer]BaseLine::[PowerSTIG_MemberServer]PowerSTIG_MemberServer","True","MainConfig","6/7/2019 5:10:23 PM"
"NADE05BIV02","Registry","[V-3381][medium][LDAP Client Signing]::[WindowsServer]BaseLine::[PowerSTIG_MemberServer]PowerSTIG_MemberServer","True","MainConfig","6/7/2019 5:10:23 PM"
"NADE05BIV02","Registry","[V-3382][medium][Session Security for NTLM SSP Based Clients]::[WindowsServer]BaseLine::[PowerSTIG_MemberServer]PowerSTIG_MemberServer","True","MainConfig","6/7/2019 5:10:23 PM"
"NADE05BIV02","Registry","[V-3383][medium][FIPS Compliant Algorithms ]::[WindowsServer]BaseLine::[PowerSTIG_MemberServer]PowerSTIG_MemberServer","True","MainConfig","6/7/2019 5:10:24 PM"
"NADE05BIV02","Registry","[V-3385][medium][Case Insensitivity for Non-Windows]::[WindowsServer]BaseLine::[PowerSTIG_MemberServer]PowerSTIG_MemberServer","True","MainConfig","6/7/2019 5:10:24 PM"
"NADE05BIV02","Registry","[V-3449][medium][TS/RDS -  Session Limit]::[WindowsServer]BaseLine::[PowerSTIG_MemberServer]PowerSTIG_MemberServer","True","MainConfig","6/7/2019 5:10:24 PM"
"NADE05BIV02","Registry","[V-3453][medium][TS/RDS - Password Prompting]::[WindowsServer]BaseLine::[PowerSTIG_MemberServer]PowerSTIG_MemberServer","True","MainConfig","6/7/2019 5:10:24 PM"
"NADE05BIV02","Registry","[V-3454][medium][TS/RDS - Set Encryption Level]::[WindowsServer]BaseLine::[PowerSTIG_MemberServer]PowerSTIG_MemberServer","True","MainConfig","6/7/2019 5:10:24 PM"
"NADE05BIV02","Registry","[V-3455][medium][TS/RDS - Do Not Use Temp Folders]::[WindowsServer]BaseLine::[PowerSTIG_MemberServer]PowerSTIG_MemberServer","True","MainConfig","6/7/2019 5:10:24 PM"
"NADE05BIV02","Registry","[V-3456][medium][TS/RDS - Delete Temp Folders]::[WindowsServer]BaseLine::[PowerSTIG_MemberServer]PowerSTIG_MemberServer","True","MainConfig","6/7/2019 5:10:24 PM"
"NADE05BIV02","Registry","[V-3470][medium][Remote Assistance - Offer Remote Assistance]::[WindowsServer]BaseLine::[PowerSTIG_MemberServer]PowerSTIG_MemberServer","True","MainConfig","6/7/2019 5:10:24 PM"
"NADE05BIV02","Registry","[V-3479][medium][Safe DLL Search Mode]::[WindowsServer]BaseLine::[PowerSTIG_MemberServer]PowerSTIG_MemberServer","True","MainConfig","6/7/2019 5:10:24 PM"
"NADE05BIV02","Registry","[V-3480][medium][Media Player - Disable Automatic Updates]::[WindowsServer]BaseLine::[PowerSTIG_MemberServer]PowerSTIG_MemberServer","True","MainConfig","6/7/2019 5:10:24 PM"
"NADE05BIV02","Registry","[V-3666][medium][Session Security for NTLM SSP based Servers]::[WindowsServer]BaseLine::[PowerSTIG_MemberServer]PowerSTIG_MemberServer","True","MainConfig","6/7/2019 5:10:24 PM"
"NADE05BIV02","Registry","[V-4108][low][Audit Log Warning Level]::[WindowsServer]BaseLine::[PowerSTIG_MemberServer]PowerSTIG_MemberServer","True","MainConfig","6/7/2019 5:10:24 PM"
"NADE05BIV02","Registry","[V-4110][low][Disable IP Source Routing]::[WindowsServer]BaseLine::[PowerSTIG_MemberServer]PowerSTIG_MemberServer","True","MainConfig","6/7/2019 5:10:24 PM"
"NADE05BIV02","Registry","[V-4111][low][Disable ICMP Redirect]::[WindowsServer]BaseLine::[PowerSTIG_MemberServer]PowerSTIG_MemberServer","True","MainConfig","6/7/2019 5:10:24 PM"
"NADE05BIV02","Registry","[V-4112][low][Disable Router Discovery]::[WindowsServer]BaseLine::[PowerSTIG_MemberServer]PowerSTIG_MemberServer","True","MainConfig","6/7/2019 5:10:24 PM"
"NADE05BIV02","Registry","[V-4113][low][TCP Connection Keep-Alive Time]::[WindowsServer]BaseLine::[PowerSTIG_MemberServer]PowerSTIG_MemberServer","True","MainConfig","6/7/2019 5:10:24 PM"
"NADE05BIV02","Registry","[V-4116][low][Name-Release Attacks]::[WindowsServer]BaseLine::[PowerSTIG_MemberServer]PowerSTIG_MemberServer","True","MainConfig","6/7/2019 5:10:24 PM"
"NADE05BIV02","Registry","[V-4438][low][TCP Data Retransmissions]::[WindowsServer]BaseLine::[PowerSTIG_MemberServer]PowerSTIG_MemberServer","True","MainConfig","6/7/2019 5:10:24 PM"
"NADE05BIV02","Registry","[V-4442][low][Screen Saver Grace Period]::[WindowsServer]BaseLine::[PowerSTIG_MemberServer]PowerSTIG_MemberServer","True","MainConfig","6/7/2019 5:10:24 PM"
"NADE05BIV02","Registry","[V-4443][high][Remotely Accessible Registry Paths and Sub-Paths]::[WindowsServer]BaseLine::[PowerSTIG_MemberServer]PowerSTIG_MemberServer","True","MainConfig","6/7/2019 5:10:24 PM"
"NADE05BIV02","Registry","[V-4445][low][Optional Subsystems]::[WindowsServer]BaseLine::[PowerSTIG_MemberServer]PowerSTIG_MemberServer","True","MainConfig","6/7/2019 5:10:24 PM"
"NADE05BIV02","Registry","[V-4447][medium][TS/RDS -  Secure RPC Connection.]::[WindowsServer]BaseLine::[PowerSTIG_MemberServer]PowerSTIG_MemberServer","True","MainConfig","6/7/2019 5:10:24 PM"
"NADE05BIV02","Registry","[V-4448][medium][Group Policy - Registry Policy Processing]::[WindowsServer]BaseLine::[PowerSTIG_MemberServer]PowerSTIG_MemberServer","True","MainConfig","6/7/2019 5:10:24 PM"
"NADE05BIV02","Registry","[V-6831][medium][Encrypting and Signing of Secure Channel Traffic]::[WindowsServer]BaseLine::[PowerSTIG_MemberServer]PowerSTIG_MemberServer","True","MainConfig","6/7/2019 5:10:24 PM"
"NADE05BIV02","Registry","[V-6832][medium][SMB Client Packet Signing (Always)]::[WindowsServer]BaseLine::[PowerSTIG_MemberServer]PowerSTIG_MemberServer","True","MainConfig","6/7/2019 5:10:24 PM"
"NADE05BIV02","Registry","[V-6833][medium][SMB Server Packet Signing (Always)]::[WindowsServer]BaseLine::[PowerSTIG_MemberServer]PowerSTIG_MemberServer","True","MainConfig","6/7/2019 5:10:24 PM"
"NADE05BIV02","Registry","[V-6834][high][Anonymous Access to Named Pipes and Shares]::[WindowsServer]BaseLine::[PowerSTIG_MemberServer]PowerSTIG_MemberServer","True","MainConfig","6/7/2019 5:10:24 PM"
"NADE05BIV02","Registry","[V-11806][low][Display of Last User Name]::[WindowsServer]BaseLine::[PowerSTIG_MemberServer]PowerSTIG_MemberServer","True","MainConfig","6/7/2019 5:10:24 PM"
"NADE05BIV02","Registry","[V-14228][medium][Audit Access of Global System Objects]::[WindowsServer]BaseLine::[PowerSTIG_MemberServer]PowerSTIG_MemberServer","True","MainConfig","6/7/2019 5:10:24 PM"
"NADE05BIV02","Registry","[V-14229][medium][Audit Backup and Restore Privileges]::[WindowsServer]BaseLine::[PowerSTIG_MemberServer]PowerSTIG_MemberServer","True","MainConfig","6/7/2019 5:10:24 PM"
"NADE05BIV02","Registry","[V-14230][medium][Audit Policy Subcategory Setting]::[WindowsServer]BaseLine::[PowerSTIG_MemberServer]PowerSTIG_MemberServer","True","MainConfig","6/7/2019 5:10:24 PM"
"NADE05BIV02","Registry","[V-14232][low][IPSec Exemptions]::[WindowsServer]BaseLine::[PowerSTIG_MemberServer]PowerSTIG_MemberServer","True","MainConfig","6/7/2019 5:10:24 PM"
"NADE05BIV02","Registry","[V-14234][medium][UAC - Admin Approval Mode]::[WindowsServer]BaseLine::[PowerSTIG_MemberServer]PowerSTIG_MemberServer","True","MainConfig","6/7/2019 5:10:24 PM"
"NADE05BIV02","Registry","[V-14235][medium][UAC - Admin Elevation Prompt]::[WindowsServer]BaseLine::[PowerSTIG_MemberServer]PowerSTIG_MemberServer","True","MainConfig","6/7/2019 5:10:24 PM"
"NADE05BIV02","Registry","[V-14236][medium][UAC - User Elevation Prompt]::[WindowsServer]BaseLine::[PowerSTIG_MemberServer]PowerSTIG_MemberServer","True","MainConfig","6/7/2019 5:10:24 PM"
"NADE05BIV02","Registry","[V-14237][medium][UAC - Application Installations]::[WindowsServer]BaseLine::[PowerSTIG_MemberServer]PowerSTIG_MemberServer","True","MainConfig","6/7/2019 5:10:24 PM"
"NADE05BIV02","Registry","[V-14239][medium][UAC - UIAccess Application Elevation]::[WindowsServer]BaseLine::[PowerSTIG_MemberServer]PowerSTIG_MemberServer","True","MainConfig","6/7/2019 5:10:24 PM"
"NADE05BIV02","Registry","[V-14240][medium][UAC - All Admin Approval Mode]::[WindowsServer]BaseLine::[PowerSTIG_MemberServer]PowerSTIG_MemberServer","True","MainConfig","6/7/2019 5:10:24 PM"
"NADE05BIV02","Registry","[V-14241][medium][UAC - Secure Desktop Mode]::[WindowsServer]BaseLine::[PowerSTIG_MemberServer]PowerSTIG_MemberServer","True","MainConfig","6/7/2019 5:10:24 PM"
"NADE05BIV02","Registry","[V-14242][medium][UAC - Non UAC Compliant Application Virtualization]::[WindowsServer]BaseLine::[PowerSTIG_MemberServer]PowerSTIG_MemberServer","True","MainConfig","6/7/2019 5:10:24 PM"
"NADE05BIV02","Registry","[V-14243][medium][Enumerate Administrator Accounts on Elevation]::[WindowsServer]BaseLine::[PowerSTIG_MemberServer]PowerSTIG_MemberServer","True","MainConfig","6/7/2019 5:10:25 PM"
"NADE05BIV02","Registry","[V-14247][medium][TS/RDS - Prevent Password Saving]::[WindowsServer]BaseLine::[PowerSTIG_MemberServer]PowerSTIG_MemberServer","True","MainConfig","6/7/2019 5:10:25 PM"
"NADE05BIV02","Registry","[V-14249][medium][TS/RDS - Drive Redirection]::[WindowsServer]BaseLine::[PowerSTIG_MemberServer]PowerSTIG_MemberServer","True","MainConfig","6/7/2019 5:10:25 PM"
"NADE05BIV02","Registry","[V-14253][medium][RPC - Unauthenticated RPC Clients]::[WindowsServer]BaseLine::[PowerSTIG_MemberServer]PowerSTIG_MemberServer","True","MainConfig","6/7/2019 5:10:25 PM"
"NADE05BIV02","Registry","[V-14259][medium][Printing Over HTTP]::[WindowsServer]BaseLine::[PowerSTIG_MemberServer]PowerSTIG_MemberServer","True","MainConfig","6/7/2019 5:10:25 PM"
"NADE05BIV02","Registry","[V-14260][medium][HTTP Printer Drivers]::[WindowsServer]BaseLine::[PowerSTIG_MemberServer]PowerSTIG_MemberServer","True","MainConfig","6/7/2019 5:10:25 PM"
"NADE05BIV02","Registry","[V-14261][medium][Windows Update Device Drive Searching]::[WindowsServer]BaseLine::[PowerSTIG_MemberServer]PowerSTIG_MemberServer","True","MainConfig","6/7/2019 5:10:25 PM"
"NADE05BIV02","Registry","[V-15666][medium][Windows Peer to Peer Networking ]::[WindowsServer]BaseLine::[PowerSTIG_MemberServer]PowerSTIG_MemberServer","True","MainConfig","6/7/2019 5:10:25 PM"
"NADE05BIV02","Registry","[V-15667][medium][Prohibit Network Bridge]::[WindowsServer]BaseLine::[PowerSTIG_MemberServer]PowerSTIG_MemberServer","True","MainConfig","6/7/2019 5:10:25 PM"
"NADE05BIV02","Registry","[V-15672][low][Event Viewer Events.asp Links]::[WindowsServer]BaseLine::[PowerSTIG_MemberServer]PowerSTIG_MemberServer","True","MainConfig","6/7/2019 5:10:25 PM"
"NADE05BIV02","Registry","[V-15674][medium][Internet File Association Service ]::[WindowsServer]BaseLine::[PowerSTIG_MemberServer]PowerSTIG_MemberServer","True","MainConfig","6/7/2019 5:10:25 PM"
"NADE05BIV02","Registry","[V-15682][medium][RSS Attachment Downloads]::[WindowsServer]BaseLine::[PowerSTIG_MemberServer]PowerSTIG_MemberServer","True","MainConfig","6/7/2019 5:10:25 PM"
"NADE05BIV02","Registry","[V-15683][medium][Windows Explorer ??? Shell Protocol Protected Mode ]::[WindowsServer]BaseLine::[PowerSTIG_MemberServer]PowerSTIG_MemberServer","True","MainConfig","6/7/2019 5:10:25 PM"
"NADE05BIV02","Registry","[V-15684][medium][Windows Installer ??? IE Security Prompt]::[WindowsServer]BaseLine::[PowerSTIG_MemberServer]PowerSTIG_MemberServer","True","MainConfig","6/7/2019 5:10:25 PM"
"NADE05BIV02","Registry","[V-15685][medium][Windows Installer ??? User Control ]::[WindowsServer]BaseLine::[PowerSTIG_MemberServer]PowerSTIG_MemberServer","True","MainConfig","6/7/2019 5:10:25 PM"
"NADE05BIV02","Registry","[V-15686][low][Windows Installer ??? Vendor Signed Updates]::[WindowsServer]BaseLine::[PowerSTIG_MemberServer]PowerSTIG_MemberServer","True","MainConfig","6/7/2019 5:10:25 PM"
"NADE05BIV02","Registry","[V-15687][low][Media Player ??? First Use Dialog Boxes ]::[WindowsServer]BaseLine::[PowerSTIG_MemberServer]PowerSTIG_MemberServer","True","MainConfig","6/7/2019 5:10:25 PM"
"NADE05BIV02","Registry","[V-15696.a][medium][Network ??? Mapper I/O Driver ]::[WindowsServer]BaseLine::[PowerSTIG_MemberServer]PowerSTIG_MemberServer","True","MainConfig","6/7/2019 5:10:25 PM"
"NADE05BIV02","Registry","[V-15696.b][medium][Network ??? Mapper I/O Driver ]::[WindowsServer]BaseLine::[PowerSTIG_MemberServer]PowerSTIG_MemberServer","True","MainConfig","6/7/2019 5:10:25 PM"
"NADE05BIV02","Registry","[V-15696.c][medium][Network ??? Mapper I/O Driver ]::[WindowsServer]BaseLine::[PowerSTIG_MemberServer]PowerSTIG_MemberServer","True","MainConfig","6/7/2019 5:10:25 PM"
"NADE05BIV02","Registry","[V-15696.d][medium][Network ??? Mapper I/O Driver ]::[WindowsServer]BaseLine::[PowerSTIG_MemberServer]PowerSTIG_MemberServer","True","MainConfig","6/7/2019 5:10:25 PM"
"NADE05BIV02","Registry","[V-15697.a][medium][Network ??? Responder Driver ]::[WindowsServer]BaseLine::[PowerSTIG_MemberServer]PowerSTIG_MemberServer","True","MainConfig","6/7/2019 5:10:25 PM"
"NADE05BIV02","Registry","[V-15697.b][medium][Network ??? Responder Driver ]::[WindowsServer]BaseLine::[PowerSTIG_MemberServer]PowerSTIG_MemberServer","True","MainConfig","6/7/2019 5:10:25 PM"
"NADE05BIV02","Registry","[V-15697.c][medium][Network ??? Responder Driver ]::[WindowsServer]BaseLine::[PowerSTIG_MemberServer]PowerSTIG_MemberServer","True","MainConfig","6/7/2019 5:10:25 PM"
"NADE05BIV02","Registry","[V-15697.d][medium][Network ??? Responder Driver ]::[WindowsServer]BaseLine::[PowerSTIG_MemberServer]PowerSTIG_MemberServer","True","MainConfig","6/7/2019 5:10:25 PM"
"NADE05BIV02","Registry","[V-15698.a][medium][Network ??? WCN Wireless Configuration ]::[WindowsServer]BaseLine::[PowerSTIG_MemberServer]PowerSTIG_MemberServer","True","MainConfig","6/7/2019 5:10:25 PM"
"NADE05BIV02","Registry","[V-15698.b][medium][Network ??? WCN Wireless Configuration ]::[WindowsServer]BaseLine::[PowerSTIG_MemberServer]PowerSTIG_MemberServer","True","MainConfig","6/7/2019 5:10:25 PM"
"NADE05BIV02","Registry","[V-15698.c][medium][Network ??? WCN Wireless Configuration ]::[WindowsServer]BaseLine::[PowerSTIG_MemberServer]PowerSTIG_MemberServer","True","MainConfig","6/7/2019 5:10:25 PM"
"NADE05BIV02","Registry","[V-15698.d][medium][Network ??? WCN Wireless Configuration ]::[WindowsServer]BaseLine::[PowerSTIG_MemberServer]PowerSTIG_MemberServer","True","MainConfig","6/7/2019 5:10:25 PM"
"NADE05BIV02","Registry","[V-15698.e][medium][Network ??? WCN Wireless Configuration ]::[WindowsServer]BaseLine::[PowerSTIG_MemberServer]PowerSTIG_MemberServer","True","MainConfig","6/7/2019 5:10:25 PM"
"NADE05BIV02","Registry","[V-15699][medium][Network ??? Windows Connect Now Wizards ]::[WindowsServer]BaseLine::[PowerSTIG_MemberServer]PowerSTIG_MemberServer","True","MainConfig","6/7/2019 5:10:25 PM"
"NADE05BIV02","Registry","[V-15700][medium][Device Install ??? PnP Interface Remote Access ]::[WindowsServer]BaseLine::[PowerSTIG_MemberServer]PowerSTIG_MemberServer","True","MainConfig","6/7/2019 5:10:25 PM"
"NADE05BIV02","Registry","[V-15701][low][Device Install ??? Drivers System Restore Point]::[WindowsServer]BaseLine::[PowerSTIG_MemberServer]PowerSTIG_MemberServer","True","MainConfig","6/7/2019 5:10:25 PM"
"NADE05BIV02","Registry","[V-15702][low][Device Install ??? Generic Driver Error Report]::[WindowsServer]BaseLine::[PowerSTIG_MemberServer]PowerSTIG_MemberServer","True","MainConfig","6/7/2019 5:10:25 PM"
"NADE05BIV02","Registry","[V-15703][low][Driver Install ??? Device Driver Search Prompt]::[WindowsServer]BaseLine::[PowerSTIG_MemberServer]PowerSTIG_MemberServer","True","MainConfig","6/7/2019 5:10:25 PM"
"NADE05BIV02","Registry","[V-15704][low][Handwriting Recognition Error Reporting]::[WindowsServer]BaseLine::[PowerSTIG_MemberServer]PowerSTIG_MemberServer","True","MainConfig","6/7/2019 5:10:25 PM"
"NADE05BIV02","Registry","[V-15705][medium][Power Mgmt ??? Password Wake on Battery]::[WindowsServer]BaseLine::[PowerSTIG_MemberServer]PowerSTIG_MemberServer","True","MainConfig","6/7/2019 5:10:25 PM"
"NADE05BIV02","Registry","[V-15706][medium][Power Mgmt ??? Password Wake When Plugged In]::[WindowsServer]BaseLine::[PowerSTIG_MemberServer]PowerSTIG_MemberServer","True","MainConfig","6/7/2019 5:10:25 PM"
"NADE05BIV02","Registry","[V-15707][low][Remote Assistance ??? Session Logging]::[WindowsServer]BaseLine::[PowerSTIG_MemberServer]PowerSTIG_MemberServer","True","MainConfig","6/7/2019 5:10:25 PM"
"NADE05BIV02","Registry","[V-15718][low][Windows Explorer ??? Heap Termination]::[WindowsServer]BaseLine::[PowerSTIG_MemberServer]PowerSTIG_MemberServer","True","MainConfig","6/7/2019 5:10:25 PM"
"NADE05BIV02","Registry","[V-15722][medium][Media DRM ??? Internet Access]::[WindowsServer]BaseLine::[PowerSTIG_MemberServer]PowerSTIG_MemberServer","True","MainConfig","6/7/2019 5:10:25 PM"
"NADE05BIV02","Registry","[V-15991][medium][UAC - UIAccess Secure Desktop]::[WindowsServer]BaseLine::[PowerSTIG_MemberServer]PowerSTIG_MemberServer","True","MainConfig","6/7/2019 5:10:25 PM"
"NADE05BIV02","Registry","[V-15997][medium][TS/RDS ??? COM Port Redirection]::[WindowsServer]BaseLine::[PowerSTIG_MemberServer]PowerSTIG_MemberServer","True","MainConfig","6/7/2019 5:10:25 PM"
"NADE05BIV02","Registry","[V-15998][medium][TS/RDS ??? LPT Port Redirection]::[WindowsServer]BaseLine::[PowerSTIG_MemberServer]PowerSTIG_MemberServer","True","MainConfig","6/7/2019 5:10:25 PM"
"NADE05BIV02","Registry","[V-15999][medium][TS/RDS - PNP Device Redirection]::[WindowsServer]BaseLine::[PowerSTIG_MemberServer]PowerSTIG_MemberServer","True","MainConfig","6/7/2019 5:10:25 PM"
"NADE05BIV02","Registry","[V-16000][medium][TS/RDS ??? Smart Card Device Redirection]::[WindowsServer]BaseLine::[PowerSTIG_MemberServer]PowerSTIG_MemberServer","True","MainConfig","6/7/2019 5:10:25 PM"
"NADE05BIV02","Registry","[V-16008][medium][UAC - Application Elevations]::[WindowsServer]BaseLine::[PowerSTIG_MemberServer]PowerSTIG_MemberServer","True","MainConfig","6/7/2019 5:10:26 PM"
"NADE05BIV02","Registry","[V-16020][medium][Windows Customer Experience Improvement Program ]::[WindowsServer]BaseLine::[PowerSTIG_MemberServer]PowerSTIG_MemberServer","True","MainConfig","6/7/2019 5:10:26 PM"
"NADE05BIV02","Registry","[V-21950][medium][SPN Target Name Validation Level]::[WindowsServer]BaseLine::[PowerSTIG_MemberServer]PowerSTIG_MemberServer","True","MainConfig","6/7/2019 5:10:26 PM"
"NADE05BIV02","Registry","[V-21951][medium][Computer Identity Authentication for NTLM]::[WindowsServer]BaseLine::[PowerSTIG_MemberServer]PowerSTIG_MemberServer","True","MainConfig","6/7/2019 5:10:26 PM"
"NADE05BIV02","Registry","[V-21952][medium][NTLM NULL Session Fallback]::[WindowsServer]BaseLine::[PowerSTIG_MemberServer]PowerSTIG_MemberServer","True","MainConfig","6/7/2019 5:10:26 PM"
"NADE05BIV02","Registry","[V-21953][medium][PKU2U Online Identities Authentication]::[WindowsServer]BaseLine::[PowerSTIG_MemberServer]PowerSTIG_MemberServer","True","MainConfig","6/7/2019 5:10:26 PM"
"NADE05BIV02","Registry","[V-21955][low][IPv6 Source Routing]::[WindowsServer]BaseLine::[PowerSTIG_MemberServer]PowerSTIG_MemberServer","True","MainConfig","6/7/2019 5:10:26 PM"
"NADE05BIV02","Registry","[V-21956][low][IPv6 TCP Data Retransmissions]::[WindowsServer]BaseLine::[PowerSTIG_MemberServer]PowerSTIG_MemberServer","True","MainConfig","6/7/2019 5:10:26 PM"
"NADE05BIV02","Registry","[V-21960][low][Elevate when setting a network???s location]::[WindowsServer]BaseLine::[PowerSTIG_MemberServer]PowerSTIG_MemberServer","True","MainConfig","6/7/2019 5:10:26 PM"
"NADE05BIV02","Registry","[V-21961][low][Direct Access ??? Route Through Internal Network]::[WindowsServer]BaseLine::[PowerSTIG_MemberServer]PowerSTIG_MemberServer","True","MainConfig","6/7/2019 5:10:26 PM"
"NADE05BIV02","Registry","[V-21963][low][Windows Update Point and Print Driver Search]::[WindowsServer]BaseLine::[PowerSTIG_MemberServer]PowerSTIG_MemberServer","True","MainConfig","6/7/2019 5:10:26 PM"
"NADE05BIV02","Registry","[V-21964][low][Prevent device metadata retrieval from Internet]::[WindowsServer]BaseLine::[PowerSTIG_MemberServer]PowerSTIG_MemberServer","True","MainConfig","6/7/2019 5:10:26 PM"
"NADE05BIV02","Registry","[V-21965][low][Prevent Windows Update for device driver search]::[WindowsServer]BaseLine::[PowerSTIG_MemberServer]PowerSTIG_MemberServer","True","MainConfig","6/7/2019 5:10:26 PM"
"NADE05BIV02","Registry","[V-21967][low][MSDT Interactive Communication]::[WindowsServer]BaseLine::[PowerSTIG_MemberServer]PowerSTIG_MemberServer","True","MainConfig","6/7/2019 5:10:26 PM"
"NADE05BIV02","Registry","[V-21969][low][Windows Online Troubleshooting Service]::[WindowsServer]BaseLine::[PowerSTIG_MemberServer]PowerSTIG_MemberServer","True","MainConfig","6/7/2019 5:10:26 PM"
"NADE05BIV02","Registry","[V-21970][low][Disable PerfTrack]::[WindowsServer]BaseLine::[PowerSTIG_MemberServer]PowerSTIG_MemberServer","True","MainConfig","6/7/2019 5:10:26 PM"
"NADE05BIV02","Registry","[V-21971][low][Application Compatibility Program Inventory]::[WindowsServer]BaseLine::[PowerSTIG_MemberServer]PowerSTIG_MemberServer","True","MainConfig","6/7/2019 5:10:26 PM"
"NADE05BIV02","Registry","[V-21973][high][Autoplay for non-volume devices]::[WindowsServer]BaseLine::[PowerSTIG_MemberServer]PowerSTIG_MemberServer","True","MainConfig","6/7/2019 5:10:26 PM"
"NADE05BIV02","Registry","[V-21980][medium][Explorer Data Execution Prevention]::[WindowsServer]BaseLine::[PowerSTIG_MemberServer]PowerSTIG_MemberServer","True","MainConfig","6/7/2019 5:10:26 PM"
"NADE05BIV02","Registry","[V-22692][high][Default Autorun Behavior]::[WindowsServer]BaseLine::[PowerSTIG_MemberServer]PowerSTIG_MemberServer","True","MainConfig","6/7/2019 5:10:26 PM"
"NADE05BIV02","Registry","[V-26283][high][Restrict Anonymous SAM Enumeration]::[WindowsServer]BaseLine::[PowerSTIG_MemberServer]PowerSTIG_MemberServer","True","MainConfig","6/7/2019 5:10:26 PM"
"NADE05BIV02","Registry","[V-26359][low][Legal Banner Dialog Box Title]::[WindowsServer]BaseLine::[PowerSTIG_MemberServer]PowerSTIG_MemberServer","True","MainConfig","6/7/2019 5:10:26 PM"
"NADE05BIV02","Registry","[V-26575][medium][6to4 State]::[WindowsServer]BaseLine::[PowerSTIG_MemberServer]PowerSTIG_MemberServer","True","MainConfig","6/7/2019 5:10:26 PM"
"NADE05BIV02","Registry","[V-26576][medium][IP-HTTPS State]::[WindowsServer]BaseLine::[PowerSTIG_MemberServer]PowerSTIG_MemberServer","True","MainConfig","6/7/2019 5:10:26 PM"
"NADE05BIV02","Registry","[V-26577][medium][ISATAP State]::[WindowsServer]BaseLine::[PowerSTIG_MemberServer]PowerSTIG_MemberServer","True","MainConfig","6/7/2019 5:10:26 PM"
"NADE05BIV02","Registry","[V-26578][medium][Teredo State]::[WindowsServer]BaseLine::[PowerSTIG_MemberServer]PowerSTIG_MemberServer","True","MainConfig","6/7/2019 5:10:26 PM"
"NADE05BIV02","Registry","[V-26579][medium][Maximum Log Size - Application]::[WindowsServer]BaseLine::[PowerSTIG_MemberServer]PowerSTIG_MemberServer","True","MainConfig","6/7/2019 5:10:26 PM"
"NADE05BIV02","Registry","[V-26580][medium][Maximum Log Size - Security]::[WindowsServer]BaseLine::[PowerSTIG_MemberServer]PowerSTIG_MemberServer","True","MainConfig","6/7/2019 5:10:26 PM"
"NADE05BIV02","Registry","[V-26581][medium][Maximum Log Size - Setup]::[WindowsServer]BaseLine::[PowerSTIG_MemberServer]PowerSTIG_MemberServer","True","MainConfig","6/7/2019 5:10:26 PM"
"NADE05BIV02","Registry","[V-26582][medium][Maximum Log Size - System]::[WindowsServer]BaseLine::[PowerSTIG_MemberServer]PowerSTIG_MemberServer","True","MainConfig","6/7/2019 5:10:26 PM"
"NADE05BIV02","Registry","[V-28504][low][Device Install Software Request Error Report]::[WindowsServer]BaseLine::[PowerSTIG_MemberServer]PowerSTIG_MemberServer","True","MainConfig","6/7/2019 5:10:26 PM"
"NADE05BIV02","Registry","[V-34974][high][Always Install with Elevated Privileges Disabled]::[WindowsServer]BaseLine::[PowerSTIG_MemberServer]PowerSTIG_MemberServer","True","MainConfig","6/7/2019 5:10:26 PM"
"NADE05BIV02","Registry","[V-36439][medium][Local admin accounts filtered token policy enabled on domain systems.]::[WindowsServer]BaseLine::[PowerSTIG_MemberServer]PowerSTIG_MemberServer","True","MainConfig","6/7/2019 5:10:26 PM"
"NADE05BIV02","Registry","[V-36673][low][WINCC-000011]::[WindowsServer]BaseLine::[PowerSTIG_MemberServer]PowerSTIG_MemberServer","True","MainConfig","6/7/2019 5:10:26 PM"
"NADE05BIV02","Registry","[V-36677][low][WINCC-000018]::[WindowsServer]BaseLine::[PowerSTIG_MemberServer]PowerSTIG_MemberServer","True","MainConfig","6/7/2019 5:10:26 PM"
"NADE05BIV02","Registry","[V-36678][low][WINCC-000025]::[WindowsServer]BaseLine::[PowerSTIG_MemberServer]PowerSTIG_MemberServer","True","MainConfig","6/7/2019 5:10:26 PM"
"NADE05BIV02","Registry","[V-36679][medium][WINCC-000027]::[WindowsServer]BaseLine::[PowerSTIG_MemberServer]PowerSTIG_MemberServer","True","MainConfig","6/7/2019 5:10:26 PM"
"NADE05BIV02","Registry","[V-36680][medium][WINCC-000030]::[WindowsServer]BaseLine::[PowerSTIG_MemberServer]PowerSTIG_MemberServer","True","MainConfig","6/7/2019 5:10:26 PM"
"NADE05BIV02","Registry","[V-36681][medium][WINCC-000048]::[WindowsServer]BaseLine::[PowerSTIG_MemberServer]PowerSTIG_MemberServer","True","MainConfig","6/7/2019 5:10:27 PM"
"NADE05BIV02","Registry","[V-36684][medium][WINCC-000051]::[WindowsServer]BaseLine::[PowerSTIG_MemberServer]PowerSTIG_MemberServer","True","MainConfig","6/7/2019 5:10:27 PM"
"NADE05BIV02","Registry","[V-36687][medium][WINCC-000052]::[WindowsServer]BaseLine::[PowerSTIG_MemberServer]PowerSTIG_MemberServer","True","MainConfig","6/7/2019 5:10:27 PM"
"NADE05BIV02","Registry","[V-36696][low][WINCC-000065]::[WindowsServer]BaseLine::[PowerSTIG_MemberServer]PowerSTIG_MemberServer","True","MainConfig","6/7/2019 5:10:27 PM"
"NADE05BIV02","Registry","[V-36697][low][WINCC-000070]::[WindowsServer]BaseLine::[PowerSTIG_MemberServer]PowerSTIG_MemberServer","True","MainConfig","6/7/2019 5:10:27 PM"
"NADE05BIV02","Registry","[V-36698][medium][WINCC-000075]::[WindowsServer]BaseLine::[PowerSTIG_MemberServer]PowerSTIG_MemberServer","True","MainConfig","6/7/2019 5:10:27 PM"
"NADE05BIV02","Registry","[V-36700][medium][WINCC-000076]::[WindowsServer]BaseLine::[PowerSTIG_MemberServer]PowerSTIG_MemberServer","True","MainConfig","6/7/2019 5:10:27 PM"
"NADE05BIV02","Registry","[V-36708][medium][WINCC-000095]::[WindowsServer]BaseLine::[PowerSTIG_MemberServer]PowerSTIG_MemberServer","True","MainConfig","6/7/2019 5:10:27 PM"
"NADE05BIV02","Registry","[V-36709][medium][WINCC-000106]::[WindowsServer]BaseLine::[PowerSTIG_MemberServer]PowerSTIG_MemberServer","True","MainConfig","6/7/2019 5:10:27 PM"
"NADE05BIV02","Registry","[V-36710.a][low][WINCC-000109]::[WindowsServer]BaseLine::[PowerSTIG_MemberServer]PowerSTIG_MemberServer","True","MainConfig","6/7/2019 5:10:27 PM"
"NADE05BIV02","Registry","[V-36711][medium][WINCC-000110]::[WindowsServer]BaseLine::[PowerSTIG_MemberServer]PowerSTIG_MemberServer","True","MainConfig","6/7/2019 5:10:27 PM"
"NADE05BIV02","Registry","[V-36712][high][WINCC-000123]::[WindowsServer]BaseLine::[PowerSTIG_MemberServer]PowerSTIG_MemberServer","True","MainConfig","6/7/2019 5:10:27 PM"
"NADE05BIV02","Registry","[V-36713][medium][WINCC-000124]::[WindowsServer]BaseLine::[PowerSTIG_MemberServer]PowerSTIG_MemberServer","True","MainConfig","6/7/2019 5:10:27 PM"
"NADE05BIV02","Registry","[V-36714][medium][WINCC-000125]::[WindowsServer]BaseLine::[PowerSTIG_MemberServer]PowerSTIG_MemberServer","True","MainConfig","6/7/2019 5:10:27 PM"
"NADE05BIV02","Registry","[V-36718][high][WINCC-000126]::[WindowsServer]BaseLine::[PowerSTIG_MemberServer]PowerSTIG_MemberServer","True","MainConfig","6/7/2019 5:10:27 PM"
"NADE05BIV02","Registry","[V-36719][medium][WINCC-000127]::[WindowsServer]BaseLine::[PowerSTIG_MemberServer]PowerSTIG_MemberServer","True","MainConfig","6/7/2019 5:10:27 PM"
"NADE05BIV02","Registry","[V-36720][medium][WINCC-000128]::[WindowsServer]BaseLine::[PowerSTIG_MemberServer]PowerSTIG_MemberServer","True","MainConfig","6/7/2019 5:10:27 PM"
"NADE05BIV02","Registry","[V-36773][medium][WINSO-000021]::[WindowsServer]BaseLine::[PowerSTIG_MemberServer]PowerSTIG_MemberServer","True","MainConfig","6/7/2019 5:10:27 PM"
"NADE05BIV02","Registry","[V-40204][medium][WNCC-000136]::[WindowsServer]BaseLine::[PowerSTIG_MemberServer]PowerSTIG_MemberServer","True","MainConfig","6/7/2019 5:10:27 PM"
"NADE05BIV02","Registry","[V-43238][medium][WINCC-000138]::[WindowsServer]BaseLine::[PowerSTIG_MemberServer]PowerSTIG_MemberServer","True","MainConfig","6/7/2019 5:10:27 PM"
"NADE05BIV02","Registry","[V-43239][medium][WINCC-000139]::[WindowsServer]BaseLine::[PowerSTIG_MemberServer]PowerSTIG_MemberServer","True","MainConfig","6/7/2019 5:10:27 PM"
"NADE05BIV02","Registry","[V-43240][medium][WINCC-000140]::[WindowsServer]BaseLine::[PowerSTIG_MemberServer]PowerSTIG_MemberServer","True","MainConfig","6/7/2019 5:10:27 PM"
"NADE05BIV02","Registry","[V-43241][low][WINCC-000141]::[WindowsServer]BaseLine::[PowerSTIG_MemberServer]PowerSTIG_MemberServer","True","MainConfig","6/7/2019 5:10:28 PM"
"NADE05BIV02","Registry","[V-43245][medium][WINCC-000145]::[WindowsServer]BaseLine::[PowerSTIG_MemberServer]PowerSTIG_MemberServer","True","MainConfig","6/7/2019 5:10:28 PM"
"NADE05BIV02","Registry","[V-57639][medium][WINSO-000092]::[WindowsServer]BaseLine::[PowerSTIG_MemberServer]PowerSTIG_MemberServer","True","MainConfig","6/7/2019 5:10:28 PM"
"NADE05BIV02","Registry","[V-72753][medium][WINCC-000150]::[WindowsServer]BaseLine::[PowerSTIG_MemberServer]PowerSTIG_MemberServer","True","MainConfig","6/7/2019 5:10:28 PM"
"NADE05BIV02","Registry","[V-73519][medium][WIN00-000170]::[WindowsServer]BaseLine::[PowerSTIG_MemberServer]PowerSTIG_MemberServer","True","MainConfig","6/7/2019 5:10:28 PM"
"NADE05BIV02","Registry","[V-80475][medium][WIN00-000210]::[WindowsServer]BaseLine::[PowerSTIG_MemberServer]PowerSTIG_MemberServer","True","MainConfig","6/7/2019 5:10:28 PM"
"NADE05BIV02","Script","[V-1073][high][Unsupported Service Packs]::[WindowsServer]BaseLine::[PowerSTIG_MemberServer]PowerSTIG_MemberServer","True","MainConfig","6/7/2019 5:10:28 PM"
"NADE05BIV02","Script","[V-1081][high][NTFS Requirement]::[WindowsServer]BaseLine::[PowerSTIG_MemberServer]PowerSTIG_MemberServer","True","MainConfig","6/7/2019 5:10:29 PM"
"NADE05BIV02","Service","[V-15505][medium][HBSS McAfee Agent]::[WindowsServer]BaseLine::[PowerSTIG_MemberServer]PowerSTIG_MemberServer","True","MainConfig","6/7/2019 5:10:29 PM"
"NADE05BIV02","Service","[V-40206][medium][WNSV-000106]::[WindowsServer]BaseLine::[PowerSTIG_MemberServer]PowerSTIG_MemberServer","True","MainConfig","6/7/2019 5:10:29 PM"
"NADE05BIV02","WindowsFeature","[V-73805][medium][WIN00-000160]::[WindowsServer]BaseLine::[PowerSTIG_MemberServer]PowerSTIG_MemberServer","True","MainConfig","6/7/2019 5:10:29 PM"
"NADE05BIV02","AccountPolicy","[V-1097][medium][Bad Logon Attempts]::[WindowsServer]BaseLine::[PowerSTIG_MemberServer]PowerSTIG_MemberServer","True","MainConfig","6/7/2019 5:10:32 PM"
"NADE05BIV02","AccountPolicy","[V-1098][medium][Bad Logon Counter Reset]::[WindowsServer]BaseLine::[PowerSTIG_MemberServer]PowerSTIG_MemberServer","True","MainConfig","6/7/2019 5:10:32 PM"
"NADE05BIV02","AccountPolicy","[V-1099][medium][Lockout Duration]::[WindowsServer]BaseLine::[PowerSTIG_MemberServer]PowerSTIG_MemberServer","True","MainConfig","6/7/2019 5:10:32 PM"
"NADE05BIV02","AccountPolicy","[V-1104][medium][Maximum Password Age ]::[WindowsServer]BaseLine::[PowerSTIG_MemberServer]PowerSTIG_MemberServer","True","MainConfig","6/7/2019 5:10:32 PM"
"NADE05BIV02","AccountPolicy","[V-1105][medium][Minimum Password Age]::[WindowsServer]BaseLine::[PowerSTIG_MemberServer]PowerSTIG_MemberServer","True","MainConfig","6/7/2019 5:10:32 PM"
"NADE05BIV02","AccountPolicy","[V-1107][medium][Password Uniqueness]::[WindowsServer]BaseLine::[PowerSTIG_MemberServer]PowerSTIG_MemberServer","True","MainConfig","6/7/2019 5:10:33 PM"
"NADE05BIV02","AccountPolicy","[V-1150][medium][Microsoft Strong Password Filtering]::[WindowsServer]BaseLine::[PowerSTIG_MemberServer]PowerSTIG_MemberServer","True","MainConfig","6/7/2019 5:10:33 PM"
"NADE05BIV02","AccountPolicy","[V-2372][high][Reversible Password Encryption]::[WindowsServer]BaseLine::[PowerSTIG_MemberServer]PowerSTIG_MemberServer","True","MainConfig","6/7/2019 5:10:33 PM"
"NADE05BIV02","AccountPolicy","[V-6836][medium][Minimum Password Length]::[WindowsServer]BaseLine::[PowerSTIG_MemberServer]PowerSTIG_MemberServer","True","MainConfig","6/7/2019 5:10:33 PM"
"NADE05BIV02","UserRightsAssignment","[V-1102][high][User Right - Act as part of OS]::[WindowsServer]BaseLine::[PowerSTIG_MemberServer]PowerSTIG_MemberServer","True","MainConfig","6/7/2019 5:10:33 PM"
"NADE05BIV02","UserRightsAssignment","[V-18010][high][User Right - Debug Programs]::[WindowsServer]BaseLine::[PowerSTIG_MemberServer]PowerSTIG_MemberServer","True","MainConfig","6/7/2019 5:10:34 PM"
"NADE05BIV02","UserRightsAssignment","[V-26469][medium][Access Credential Manager as a trusted caller]::[WindowsServer]BaseLine::[PowerSTIG_MemberServer]PowerSTIG_MemberServer","True","MainConfig","6/7/2019 5:10:34 PM"
"NADE05BIV02","UserRightsAssignment","[V-26470][medium][Access this computer from the network]::[WindowsServer]BaseLine::[PowerSTIG_MemberServer]PowerSTIG_MemberServer","True","MainConfig","6/7/2019 5:10:34 PM"
"NADE05BIV02","UserRightsAssignment","[V-26472][medium][Allow log on locally]::[WindowsServer]BaseLine::[PowerSTIG_MemberServer]PowerSTIG_MemberServer","True","MainConfig","6/7/2019 5:10:34 PM"
"NADE05BIV02","UserRightsAssignment","[V-26473][medium][Allow log on through Remote Desktop Services]::[WindowsServer]BaseLine::[PowerSTIG_MemberServer]PowerSTIG_MemberServer","True","MainConfig","6/7/2019 5:10:35 PM"
"NADE05BIV02","UserRightsAssignment","[V-26474][medium][Back up files and directories]::[WindowsServer]BaseLine::[PowerSTIG_MemberServer]PowerSTIG_MemberServer","True","MainConfig","6/7/2019 5:10:35 PM"
"NADE05BIV02","UserRightsAssignment","[V-26478][medium][Create a pagefile]::[WindowsServer]BaseLine::[PowerSTIG_MemberServer]PowerSTIG_MemberServer","True","MainConfig","6/7/2019 5:10:35 PM"
"NADE05BIV02","UserRightsAssignment","[V-26479][high][Create a token object]::[WindowsServer]BaseLine::[PowerSTIG_MemberServer]PowerSTIG_MemberServer","True","MainConfig","6/7/2019 5:10:35 PM"
"NADE05BIV02","UserRightsAssignment","[V-26480][medium][Create global objects]::[WindowsServer]BaseLine::[PowerSTIG_MemberServer]PowerSTIG_MemberServer","True","MainConfig","6/7/2019 5:10:36 PM"
"NADE05BIV02","UserRightsAssignment","[V-26481][medium][Create permanent shared objects]::[WindowsServer]BaseLine::[PowerSTIG_MemberServer]PowerSTIG_MemberServer","True","MainConfig","6/7/2019 5:10:36 PM"
"NADE05BIV02","UserRightsAssignment","[V-26482][medium][Create symbolic links]::[WindowsServer]BaseLine::[PowerSTIG_MemberServer]PowerSTIG_MemberServer","True","MainConfig","6/7/2019 5:10:36 PM"
"NADE05BIV02","UserRightsAssignment","[V-26487][medium][Enable accounts to be trusted for delegation]::[WindowsServer]BaseLine::[PowerSTIG_MemberServer]PowerSTIG_MemberServer","True","MainConfig","6/7/2019 5:10:37 PM"
"NADE05BIV02","UserRightsAssignment","[V-26488][medium][Force shutdown from a remote system]::[WindowsServer]BaseLine::[PowerSTIG_MemberServer]PowerSTIG_MemberServer","True","MainConfig","6/7/2019 5:10:38 PM"
"NADE05BIV02","UserRightsAssignment","[V-26489][medium][Generate security audits]::[WindowsServer]BaseLine::[PowerSTIG_MemberServer]PowerSTIG_MemberServer","True","MainConfig","6/7/2019 5:10:38 PM"
"NADE05BIV02","UserRightsAssignment","[V-26490][medium][Impersonate a client after authentication]::[WindowsServer]BaseLine::[PowerSTIG_MemberServer]PowerSTIG_MemberServer","True","MainConfig","6/7/2019 5:10:38 PM"
"NADE05BIV02","UserRightsAssignment","[V-26492][medium][Increase scheduling priority]::[WindowsServer]BaseLine::[PowerSTIG_MemberServer]PowerSTIG_MemberServer","True","MainConfig","6/7/2019 5:10:38 PM"
"NADE05BIV02","UserRightsAssignment","[V-26493][medium][Load and unload device drivers]::[WindowsServer]BaseLine::[PowerSTIG_MemberServer]PowerSTIG_MemberServer","True","MainConfig","6/7/2019 5:10:39 PM"
"NADE05BIV02","UserRightsAssignment","[V-26494][medium][Lock pages in memory]::[WindowsServer]BaseLine::[PowerSTIG_MemberServer]PowerSTIG_MemberServer","True","MainConfig","6/7/2019 5:10:39 PM"
"NADE05BIV02","UserRightsAssignment","[V-26496][medium][Manage auditing and security log]::[WindowsServer]BaseLine::[PowerSTIG_MemberServer]PowerSTIG_MemberServer","True","MainConfig","6/7/2019 5:10:39 PM"
"NADE05BIV02","UserRightsAssignment","[V-26498][medium][Modify firmware environment values]::[WindowsServer]BaseLine::[PowerSTIG_MemberServer]PowerSTIG_MemberServer","True","MainConfig","6/7/2019 5:10:39 PM"
"NADE05BIV02","UserRightsAssignment","[V-26499][medium][Perform volume maintenance tasks]::[WindowsServer]BaseLine::[PowerSTIG_MemberServer]PowerSTIG_MemberServer","True","MainConfig","6/7/2019 5:10:40 PM"
"NADE05BIV02","UserRightsAssignment","[V-26500][medium][Profile single process]::[WindowsServer]BaseLine::[PowerSTIG_MemberServer]PowerSTIG_MemberServer","True","MainConfig","6/7/2019 5:10:40 PM"
"NADE05BIV02","UserRightsAssignment","[V-26504][medium][Restore files and directories]::[WindowsServer]BaseLine::[PowerSTIG_MemberServer]PowerSTIG_MemberServer","True","MainConfig","6/7/2019 5:10:40 PM"
"NADE05BIV02","UserRightsAssignment","[V-26506][medium][Take ownership of files or other objects]::[WindowsServer]BaseLine::[PowerSTIG_MemberServer]PowerSTIG_MemberServer","True","MainConfig","6/7/2019 5:10:40 PM"
"NADE05BIV02","SecurityOption","[V-1113][medium][Disable Guest Account]::[WindowsServer]BaseLine::[PowerSTIG_MemberServer]PowerSTIG_MemberServer","True","MainConfig","6/7/2019 5:10:41 PM"
"NADE05BIV02","SecurityOption","[V-1114][medium][Rename Built-in Guest Account]::[WindowsServer]BaseLine::[PowerSTIG_MemberServer]PowerSTIG_MemberServer","True","MainConfig","6/7/2019 5:10:42 PM"
"NADE05BIV02","SecurityOption","[V-1115][medium][Rename Built-in Administrator Account]::[WindowsServer]BaseLine::[PowerSTIG_MemberServer]PowerSTIG_MemberServer","True","MainConfig","6/7/2019 5:10:42 PM"
"NADE05BIV02","SecurityOption","[V-3337][high][Anonymous SID/Name Translation]::[WindowsServer]BaseLine::[PowerSTIG_MemberServer]PowerSTIG_MemberServer","True","MainConfig","6/7/2019 5:10:42 PM"
"NADE05BIV02","SecurityOption","[V-3380][medium][Force Logoff When Logon Hours Expire]::[WindowsServer]BaseLine::[PowerSTIG_MemberServer]PowerSTIG_MemberServer","True","MainConfig","6/7/2019 5:10:43 PM"
"NADE05BIV02","RegistryAccessEntry","[V-1152][high][Anonymous Access to the Registry]::[WindowsServer]BaseLine::[PowerSTIG_MemberServer]PowerSTIG_MemberServer","False","MainConfig","6/7/2019 5:10:20 PM"
"NADE05BIV02","NTFSAccessEntry","[V-40178][medium][WNGE-000006]::[WindowsServer]BaseLine::[PowerSTIG_MemberServer]PowerSTIG_MemberServer","False","MainConfig","6/7/2019 5:10:21 PM"
"NADE05BIV02","Registry","[V-1089][medium][Legal Notice Display]::[WindowsServer]BaseLine::[PowerSTIG_MemberServer]PowerSTIG_MemberServer","False","MainConfig","6/7/2019 5:10:22 PM"
"NADE05BIV02","Registry","[V-3469][medium][Group Policy - Do Not Turn off Background Refresh]::[WindowsServer]BaseLine::[PowerSTIG_MemberServer]PowerSTIG_MemberServer","False","MainConfig","6/7/2019 5:10:24 PM"
"NADE05BIV02","Registry","[V-21954][medium][Kerberos Encryption Types]::[WindowsServer]BaseLine::[PowerSTIG_MemberServer]PowerSTIG_MemberServer","False","MainConfig","6/7/2019 5:10:26 PM"
"NADE05BIV02","Registry","[V-36707][medium][WINCC-000088]::[WindowsServer]BaseLine::[PowerSTIG_MemberServer]PowerSTIG_MemberServer","False","MainConfig","6/7/2019 5:10:27 PM"
"NADE05BIV02","Registry","[V-36710.b][low][WINCC-000109]::[WindowsServer]BaseLine::[PowerSTIG_MemberServer]PowerSTIG_MemberServer","False","MainConfig","6/7/2019 5:10:27 PM"
"NADE05BIV02","Service","[V-26600][medium][Fax Service Disabled ]::[WindowsServer]BaseLine::[PowerSTIG_MemberServer]PowerSTIG_MemberServer","False","MainConfig","6/7/2019 5:10:29 PM"
"NADE05BIV02","Service","[V-26602][medium][Microsoft FTP Service Disabled]::[WindowsServer]BaseLine::[PowerSTIG_MemberServer]PowerSTIG_MemberServer","False","MainConfig","6/7/2019 5:10:29 PM"
"NADE05BIV02","Service","[V-26604][medium][Peer Networking Identity Manager Service Disabled]::[WindowsServer]BaseLine::[PowerSTIG_MemberServer]PowerSTIG_MemberServer","False","MainConfig","6/7/2019 5:10:29 PM"
"NADE05BIV02","Service","[V-26605][medium][Simple TCP/IP Services Disabled]::[WindowsServer]BaseLine::[PowerSTIG_MemberServer]PowerSTIG_MemberServer","False","MainConfig","6/7/2019 5:10:29 PM"
"NADE05BIV02","Service","[V-26606][medium][Telnet Service Disabled]::[WindowsServer]BaseLine::[PowerSTIG_MemberServer]PowerSTIG_MemberServer","False","MainConfig","6/7/2019 5:10:29 PM"
"NADE05BIV02","WindowsFeature","[V-80477][medium][WIN00-000220]::[WindowsServer]BaseLine::[PowerSTIG_MemberServer]PowerSTIG_MemberServer","False","MainConfig","6/7/2019 5:10:31 PM"
"NADE05BIV02","UserRightsAssignment","[V-1155][medium][Deny Access from the Network]::[WindowsServer]BaseLine::[PowerSTIG_MemberServer]PowerSTIG_MemberServer","False","MainConfig","6/7/2019 5:10:33 PM"
"NADE05BIV02","UserRightsAssignment","[V-26483][medium][Deny log on as a batch job]::[WindowsServer]BaseLine::[PowerSTIG_MemberServer]PowerSTIG_MemberServer","False","MainConfig","6/7/2019 5:10:36 PM"
"NADE05BIV02","UserRightsAssignment","[V-26484][medium][Deny log on as service ]::[WindowsServer]BaseLine::[PowerSTIG_MemberServer]PowerSTIG_MemberServer","False","MainConfig","6/7/2019 5:10:37 PM"
"NADE05BIV02","UserRightsAssignment","[V-26485][medium][Deny log on locally]::[WindowsServer]BaseLine::[PowerSTIG_MemberServer]PowerSTIG_MemberServer","False","MainConfig","6/7/2019 5:10:37 PM"
"NADE05BIV02","UserRightsAssignment","[V-26486][medium][Deny log on through Remote Desktop \ Terminal Services]::[WindowsServer]BaseLine::[PowerSTIG_MemberServer]PowerSTIG_MemberServer","False","MainConfig","6/7/2019 5:10:37 PM"
